,Video,[1] Accuracy,[1] FPS,[1] Time,[2] Accuracy,[2] FPS,[2] Time,[3] Accuracy,[3] FPS,[3] Time,[4] Accuracy,[4] FPS,[4] Time,[5] Accuracy,[5] FPS,[5] Time
0,Square540p,62.58102752157648,42.904185185185185,432.0333333333333,73.06808920500852,42.744962962962965,431.9666666666667,80.28602126634804,43.40185185185185,424.3333333333333,82.01422854602045,43.96177777777779,417.56666666666666,84.30609597924773,43.64644444444445,421.7
1,Square720p,83.27962366188835,26.29614814814815,725.2333333333332,88.2973994220938,26.040222222222223,727.0,89.84105813048792,27.022259259259258,698.9666666666667,90.9441233140655,26.763185185185183,705.3000000000001,91.77320733740969,26.790333333333336,704.1333333333332
2,Square1080p,93.21406082157277,14.231629629629632,1333.0,96.14358746388085,14.059777777777777,1356.8666666666666,97.34355896409915,14.215925925925925,1322.4,97.85089669482731,14.006333333333336,1360.2666666666667,97.98777098387991,14.029037037037035,1361.6666666666667
3,Straight540p,89.37659739971109,44.20114814814815,417.56666666666666,93.16144328369268,44.028962962962964,419.5666666666666,93.90908080471269,42.797629629629625,436.7333333333333,94.34934044760632,44.12481481481481,421.1666666666667,94.98239762831201,45.705851851851854,401.4666666666667
4,Straight720p,94.04748675778791,28.021222222222224,664.3666666666667,96.07320145217459,27.948555555555554,668.9333333333334,96.95083546367307,27.57066666666667,676.8333333333334,97.43219208537128,27.209999999999997,689.2666666666668,97.86177506021863,27.12914814814815,694.7333333333332
5,Straight1080p,96.05511723524836,14.418111111111111,1340.8,97.55871675187079,14.269888888888886,1338.1000000000001,98.11418621021822,14.600666666666669,1312.2,98.40299392322514,14.171777777777777,1337.8666666666666,98.53622382805263,14.545444444444447,1329.5
