,Video,[1] Accuracy,[1] FPS,[1] Time,[2] Accuracy,[2] FPS,[2] Time,[3] Accuracy,[3] FPS,[3] Time,[4] Accuracy,[4] FPS,[4] Time,[5] Accuracy,[5] FPS,[5] Time
0,Square540p,63.12182835129829,44.32366666666667,414.3666666666666,73.22738386308068,43.41766666666666,424.9666666666667,80.55648179022637,38.582,502.3,82.14391581443603,38.64929629629629,496.40000000000003,84.81749119881415,37.08748148148148,524.6
1,Square720p,82.82772159869614,24.08337037037037,818.4,88.39371712232348,23.955000000000002,833.3333333333334,90.22637175354748,25.94892592592593,734.8666666666667,91.0293463761672,26.513851851851854,712.0,91.70650361311841,26.492925925925928,712.4333333333334
2,Square1080p,93.09182501759456,14.10566666666667,1369.4333333333334,96.62888049196118,13.846481481481481,1416.6333333333332,97.37319847356525,14.173666666666664,1337.3333333333333,97.94353045798134,14.110444444444445,1340.3333333333333,98.12858995738372,14.011296296296296,1366.6000000000001
3,Straight540p,88.98025706559987,44.46025925925926,413.26666666666665,93.17996591835224,43.995666666666665,419.0333333333333,94.1499018191249,44.251814814814814,417.09999999999997,94.7495183044316,42.10948148148148,445.2,95.41597183620529,43.05377777777778,429.26666666666665
4,Straight720p,94.11786494795719,26.459740740740738,713.3666666666668,95.83981625546416,26.84037037037037,697.0666666666666,96.90267126079063,26.712629629629628,702.8000000000001,97.50259374536832,27.04637037037037,689.0666666666666,98.06188623309247,27.17107407407407,687.3666666666668
5,Straight1080p,96.07363781160869,14.41551851851852,1330.7333333333333,97.53278506334742,14.498,1329.5333333333333,98.09195657811863,14.701666666666668,1336.1666666666667,98.27330665480953,14.42925925925926,1353.4333333333332,98.5881045025014,14.571,1324.5
