,Video,[1] Accuracy,[1] FPS,[1] Time,[2] Accuracy,[2] FPS,[2] Time,[3] Accuracy,[3] FPS,[3] Time,[4] Accuracy,[4] FPS,[4] Time,[5] Accuracy,[5] FPS,[5] Time
0,Square540p,62.70696744082676,28.870518518518523,646.6,73.46817811365489,28.53285185185185,654.3333333333334,80.43051387499537,28.446962962962967,656.5666666666667,82.27360308285164,28.759111111111114,648.7333333333333,84.49508986473967,28.521444444444445,654.6999999999999
1,Square720p,83.03515205393192,19.63859259259259,967.5,88.21960435652367,19.606777777777776,968.8666666666668,90.10040383831648,19.738185185185184,962.6666666666666,91.20349785089668,19.700333333333333,964.9333333333334,91.88067444876783,19.528555555555556,973.4333333333334
2,Square1080p,92.98070155943253,11.876703703703704,1667.6333333333332,96.52515373786768,11.793444444444445,1678.5,97.52139602089586,11.862185185185185,1666.5,97.91388765377205,11.842037037037038,1672.0666666666668,98.13600148230496,11.750925925925927,1684.5666666666666
3,Straight540p,89.13953402229878,29.047370370370373,642.8666666666667,93.2466474031266,28.72088888888889,649.3666666666667,93.98317957837799,29.070925925925923,641.9333333333333,94.43085815918187,28.760037037037037,648.5333333333334,95.18992032610709,28.895222222222216,645.9333333333334
4,Straight720p,93.86598510945662,20.106074074074073,942.6999999999999,95.9102022671705,19.997777777777777,948.3000000000001,96.86562187395798,20.240962962962968,937.0,97.36179042537424,19.838222222222218,956.1333333333332,97.92106725958865,19.805296296296294,957.2666666666668
5,Straight1080p,96.14772011705003,12.127814814814814,1621.1999999999998,97.50685337482405,11.904592592592591,1657.8666666666668,98.19569486125006,11.90251851851852,1658.6333333333332,98.39928857269898,11.878518518518518,1661.4000000000003,98.63998517695016,11.86711111111111,1662.0
