Video,[1] Accuracy,[1] FPS,[2] Accuracy,[2] FPS,[3] Accuracy,[3] FPS,[4] Accuracy,[4] FPS,[5] Accuracy,[5] FPS
Square540p,63.70893062,40.96731481,74.54249092,40.55603704,81.44751954,38.48166667,83.00726249,38.85977778,85.32888642,38.37901852
Square720p,84.23898952,23.96653704,89.2161221,23.77488889,90.71542366,25.21381481,91.59070698,25.49622222,92.34204188,25.5142963
Square1080p,93.64744231,13.69642593,96.57701711,13.65466667,97.53065837,13.75890741,97.99355269,13.57488889,98.19158792,13.54692593
Straight540p,90.10630811,41.90681481,93.61339557,41.81701852,94.37405061,41.1895,94.87179487,41.86318519,95.52529183,42.69866667
Straight720p,94.52716969,26.55562963,96.32140476,26.65181481,97.14163981,26.36861111,97.63969171,26.1542037,98.08412081,26.04607407
Straight1080p,96.37552321,14.0455,97.69207972,13.94464815,98.21792449,14.27666667,98.48821699,13.93735185,98.68260145,14.04868519
