Video,[1] Accuracy,[1] FPS,[2] Accuracy,[2] FPS,[3] Accuracy,[3] FPS,[4] Accuracy,[4] FPS,[5] Accuracy,[5] FPS
Square540p,62.9143979,36.59709259,73.34778099,35.97525926,80.49349783,33.51448148,82.20875945,33.7042037,84.65629053,32.80446296
Square720p,82.93143683,21.86098148,88.30666074,21.78088889,90.1633878,22.84355556,91.11642211,23.10709259,91.79358903,23.01074074
Square1080p,93.03626329,12.99118519,96.57701711,12.81996296,97.44729725,13.01792593,97.92870906,12.97624074,98.13229572,12.88111111
Straight540p,89.05989554,36.75381481,93.21330666,36.35827778,94.0665407,36.66137037,94.59018823,35.43475926,95.30294608,35.9745
Straight720p,93.99192503,23.28290741,95.87500926,23.41907407,96.88414657,23.4767963,97.43219209,23.4422963,97.99147675,23.48818519
Straight1080p,96.11067896,13.27166667,97.51981922,13.2012963,98.14382572,13.30209259,98.33629761,13.15388889,98.61404484,13.21905556
