Video,[1] Accuracy,[1] FPS,[2] Accuracy,[2] FPS,[3] Accuracy,[3] FPS,[4] Accuracy,[4] FPS,[5] Accuracy,[5] FPS
Square540p,66.66666667,41.90966667,78.72860636,41.50964815,84.54670075,39.04011111,85.79739143,39.14244444,87.88956828,38.82803704
Square720p,87.47083009,24.83803704,91.71112099,24.77194444,92.90504242,25.70640741,93.51193123,26.11459259,94.08189735,26.02938889
Square1080p,95.06241434,13.95737037,97.39942209,13.89448148,98.04193991,13.83587037,98.40669927,13.78098148,98.6084862,13.83935185
Straight540p,92.66214765,42.50185185,95.07112692,42.53285185,95.60223778,42.5355,96.10752927,42.53755556,96.65554938,42.57783333
Straight720p,95.9254732,26.68572222,97.16788916,26.7757963,97.75480716,26.54764815,98.16214614,26.60225926,98.5195479,26.51996296
Straight1080p,97.28673556,14.10464815,98.13477069,14.16101852,98.61064799,14.61448148,98.83096191,14.36440741,99.0031499,14.07451852
