,Video,[1] Accuracy,[1] FPS,[1] Time,[2] Accuracy,[2] FPS,[2] Time,[3] Accuracy,[3] FPS,[3] Time,[4] Accuracy,[4] FPS,[4] Time,[5] Accuracy,[5] FPS,[5] Time
0,Square540p,68.49649961106789,44.78888888888889,408.6333333333334,81.44032007112692,44.65218518518518,409.8,86.48438368345005,44.51874074074073,411.3,87.59448643841706,44.52711111111112,411.46666666666664,89.42745969983325,44.544481481481476,413.1333333333334
1,Square720p,89.74330481164573,28.039148148148147,664.2666666666667,93.28739719937762,28.034333333333336,664.6666666666666,94.22029565410692,28.007444444444445,665.8333333333334,94.7865718096932,27.999925925925922,666.7333333333332,95.2529182879377,27.820518518518515,672.8333333333334
2,Square1080p,96.04400488943217,14.75351851851852,1293.6000000000001,97.78839742164922,14.539407407407404,1313.0666666666666,98.36612204068022,14.369851851851854,1316.5,98.67718986216094,14.418518518518518,1317.5666666666666,98.82156753752083,14.613888888888889,1297.3999999999999
3,Straight540p,94.48827647516391,45.39122222222222,403.6666666666667,96.07690597910648,45.460629629629636,402.73333333333335,96.36545515171724,45.489629629629626,402.5,96.82080924855491,45.47355555555555,402.93333333333334,97.24291272929405,45.46418518518519,405.3333333333333
4,Straight720p,96.84409378819868,28.28140740740741,655.1999999999999,97.76617026005779,28.19651851851852,657.3000000000001,98.17717016783371,27.92874074074074,664.8000000000001,98.47710093374832,28.106111111111115,660.9333333333333,98.7326292384658,28.076925925925924,663.9
5,Straight1080p,97.87754194910544,14.536407407407408,1326.1000000000001,98.44409868859744,14.702629629629627,1306.2666666666667,98.89963321107037,15.276296296296296,1278.7,99.08848377056471,15.025888888888888,1287.0,99.17732073374096,14.597111111111113,1313.9333333333334
