,Video,[1] Accuracy,[1] FPS,[1] Time,[2] Accuracy,[2] FPS,[2] Time,[3] Accuracy,[3] FPS,[3] Time,[4] Accuracy,[4] FPS,[4] Time,[5] Accuracy,[5] FPS,[5] Time
0,Square540p,64.83683372226544,39.03044444444445,497.3333333333333,76.01689264280951,38.36711111111111,506.9333333333334,82.60901782075506,33.561481481481486,584.3333333333334,84.00029642804209,33.757777777777775,576.6666666666666,86.35167685751344,33.11159259259259,593.4666666666667
1,Square720p,85.1983553728192,21.636925925925922,915.2666666666668,90.13484478032156,21.509555555555554,929.6999999999999,91.58978918898892,23.405370370370374,833.1333333333333,92.23729064769527,24.229259259259262,802.6333333333333,92.91087641282195,24.238259259259255,801.1999999999999
2,Square1080p,94.08082379523653,13.161222222222221,1505.5,97.01044676594798,13.249555555555554,1499.3333333333333,97.7177577711089,13.301888888888888,1460.8333333333333,98.13620868534163,13.143444444444446,1481.1333333333332,98.39540485454881,13.064814814814815,1498.3666666666668
3,Straight540p,90.8360188169056,39.61248148148148,488.8333333333333,94.06534785507891,39.605074074074075,489.3333333333333,94.83902041421216,39.58137037037037,490.93333333333334,95.3942492959834,39.60155555555556,488.79999999999995,96.06818602927552,39.69148148148148,485.8333333333333
4,Straight720p,95.00685261325332,25.090037037037032,770.4333333333334,96.56960806105059,25.35507407407407,755.8666666666667,97.33244414804933,25.16655555555555,766.6,97.84719134430117,25.098407407407407,768.8000000000001,98.30646655549378,24.962999999999994,775.3666666666668
5,Straight1080p,96.69592917731597,13.67288888888889,1437.0333333333335,97.82544269096836,13.619407407407406,1459.5333333333335,98.32166277648105,13.952666666666667,1427.2333333333333,98.57344004742849,13.702925925925925,1451.6333333333332,98.8289790624421,13.551925925925927,1474.6666666666667
